pdb,sequence,antigen_smiles
8v9w,QVQLVESGGGLAQAGGSLQLSCAASGSTSRVNAMGWYRQTPGKERELVAAIDRSGATVYSESVRGRFTISKNDAKNIVWLQMNNLTTEDTAVYYCRSGVLGSWGLGTQVTVSS,C1CC(CCN1CCC1=CC=CC=C1)N(C1=CC=CC=C1)C(=O)CC
8h7i,EVQLVESGGGLVQPGGSLRLSCVGSGRVRTINTAGWYRQAPGQEPEFLARITVGGTTSYADSVKGRFTISRDLAKSTVYLQMDYLKPEDTAVYYCNADFDFGSRTAWGQGTQVTVSS,CCOP(=S)(OCC)OC1=NC2=CC=CC=C2N=C1
8ftg,QVQLVESGGGLVQAGGSLRLSCTASGRTGTIYSMAWFRQAPGKEREFLATVGWSSGITYYMDSVKGRFTISRDKGKNTVYLQMDSLKPEDTAVYYCTATRAYSVGYDYWGQGTQVTVSS,n1(c(=O)n(C)c2c(c1=O)n(cn2)C)C
7tjc,VQLVESGGGLVQAGGSLRLSCAASGRSFSTYAMGWFRQAPGKEREFVAAISWSHGITYYADSVKGRFTISRDNAKNTVYLQMNSLKPEDTAVYYCAADSIPYGDSRYRNPGYWGQGTQVTVSS,C(Cl)(Cl)C(=O)NC(CO)C(O)C1=CC=C(N(=O)=O)C=C1
7rga,SQVQLVESGGGLVQAGGSLRLSCAASRRSSRSWAMAWFRQAPGKEREFVAKISGDGRLTTYGDSVKGRFTISRDNAEYLVYLQMDSLKPEDTAVYYCAADDNYVTASWRSGPDYWGQGTQVTVSS,CN(CC1=CN=C2C(=N1)C(=NC(=N2)N)N)C3=CC=C(C=C3)C(=O)N[C@@H](CCC(=O)O)C(=O)O
5vl2,QVQLQQSGGGLVQAGGSLRLSCAASGRTHTPYAMGWFRQAPGKEREFVGGIGGVAATTTYADSVRGRFTISRDDAKATVYLQMNSLKPEDTAVYYCATRASMAVSTSPRVYPIWGQGTQVTVSS,C1=C(Cl)C(=CC=C1NC(=O)NC1=CC=C(Cl)C=C1)Cl
5vm0,EVQLVESGGGLVQTGDSLRLSCAASGRTYTPYAMAWFRQAPGKEREFVAGIGGIDGTAAYADSVRGRATISRDSAKKTVYLQMNSLKPEDTAVYSCATRASMQVLTSPRVYPIWGRGTQVTVSSPG,C1=C(NC(=O)NC2=CC=C(Cl)C=C2)C=CC(=C1Cl)Cl
6itq,QVQLQESGGGSVQAGGSLRLSCVVSGNTGSTGYWAWFRQGPGTEREGVAATYTAGSTSMTYYADSVKGRFTISQDNAKKTLYLQMNSLKPEDTGMYRCASTRFAGRWYRDSEYRAWGQGTQVTVS,CC12CCC(=O)C=C1CCC3C2C(CC4(C3CCC4(C(=O)CO)O)C)O
1qd0,QVQLQESGGGLVQAGGSLRLSCAASGRAASGHGHYGMGWFRQVPGKEREFVAAIRWSGKETWYKDSVKGRFTISRDNAKTTVYLQMNSLKGEDTAVYYCAARPVRVADISLPVGFDYWGQGTQVTVSS,O=S(=O)(O)c7cc(/N=N/c2c(O)c1ccc(c(c1cc2S(=O)(=O)O)S(=O)(=O)O)Nc3ncnc(n3)Nc4c(c6c(cc4)c(O)c(/N=N/c5cc(ccc5O)S(=O)(=O)O)c(c6)S(=O)(=O)O)S(=O)(=O)O)c(O)cc7
5vm6,VKLQQSGGGMVQTGDSLRLSCVGSRRALSSTIVGWFRQIPGKEREFVGGIAWSSSDTWYADSVKGRFTISKDDAANGVHLQMSSLKPEDTAVYYCASALRRPGSDASDYTRIPDYPYWGQGTQVTVSSH,C1=C(Cl)C(=CC=C1NC(=O)NC1=CC=C(Cl)C=C1)Cl